{
    "version": "8.0",
    "build": "2024122710",
    "releaseDate": "2025-12-27",
    "changelog": [
        "🎉 Version 8.0 - MEGA UPDATE!",
        "🔐 Dev Menu - Secret settings (GHP/DB/Raw)",
        "🔒 Obfuscation-ready code structure",
        "🔧 Fixed server v2/v3/v4/v5 inline buttons",
        "🔧 Fixed rebuild password double prompt",
        "🔧 Fixed media+audio combo flow",
        "🔧 Fixed Linux extraction",
        "🛠️ 100+ new features planned",
        "🎮 RPG Expansion coming soon"
    ],
    "downloadUrl": "https://raw.githubusercontent.com/NinoNeoxus/schnuffelll-bot/main/latest.zip",
    "minVersion": "7.0"
}