{
  "10": {
    "antilink": false,
    "antispam": false,
    "antibot": false,
    "antisticker": false,
    "antigif": false,
    "antiforward": false,
    "antiarab": false,
    "antichinese": false,
    "antinsfw": false,
    "antivirtex": false,
    "antitagall": false,
    "antiflood": false,
    "antiphoto": false,
    "antivideo": false,
    "antiaudio": false,
    "antidoc": false,
    "antivoice": false,
    "antilocation": false,
    "anticontact": false,
    "antigame": false,
    "antipoll": false,
    "antidice": false,
    "antiinline": false,
    "antitoxic": false,
    "antilongtext": false,
    "antichannelpost": false,
    "welcome": true,
    "goodbye": true,
    "welcomeMsg": "👋 Selamat datang {user} di {group}!\n\n📌 Rules: Jangan spam, jangan toxic!",
    "goodbyeMsg": "👋 Sampai jumpa {user}!",
    "warnLimit": 3,
    "muteTime": 10,
    "locked": false,
    "slowmode": 10,
    "onlyAdmin": false,
    "captcha": false,
    "maxWarn": 3,
    "floodCount": 5,
    "floodTime": 10,
    "maxTextLength": 4000,
    "autoDeleteWarn": true,
    "autoKick": false
  },
  "-1003482428381": {
    "antilink": false,
    "antispam": false,
    "antibot": false,
    "antisticker": false,
    "antigif": false,
    "antiforward": false,
    "antiarab": false,
    "antichinese": false,
    "antinsfw": false,
    "antivirtex": false,
    "antitagall": false,
    "antiflood": false,
    "antiphoto": false,
    "antivideo": false,
    "antiaudio": false,
    "antidoc": false,
    "antivoice": false,
    "antilocation": false,
    "anticontact": false,
    "antigame": false,
    "antipoll": false,
    "antidice": false,
    "antiinline": false,
    "antitoxic": false,
    "antilongtext": false,
    "antichannelpost": false,
    "welcome": true,
    "goodbye": true,
    "welcomeMsg": "👋 Selamat datang {user} di {group}!\n\n📌 Rules: Jangan spam, jangan toxic!",
    "goodbyeMsg": "👋 Sampai jumpa {user}!",
    "warnLimit": 3,
    "muteTime": 10,
    "locked": false,
    "slowmode": 0,
    "onlyAdmin": false,
    "captcha": false,
    "maxWarn": 3,
    "floodCount": 5,
    "floodTime": 10,
    "maxTextLength": 4000,
    "autoDeleteWarn": true,
    "autoKick": false
  },
  "antilink": {
    "antilink": false,
    "antispam": false,
    "antibot": false,
    "antisticker": false,
    "antigif": false,
    "antiforward": false,
    "antiarab": false,
    "antichinese": false,
    "antinsfw": false,
    "antivirtex": false,
    "antitagall": false,
    "antiflood": false,
    "antiphoto": false,
    "antivideo": false,
    "antiaudio": false,
    "antidoc": false,
    "antivoice": false,
    "antilocation": false,
    "anticontact": false,
    "antigame": false,
    "antipoll": false,
    "antidice": false,
    "antiinline": false,
    "antitoxic": false,
    "antilongtext": false,
    "antichannelpost": false,
    "welcome": true,
    "goodbye": true,
    "welcomeMsg": "👋 Selamat datang {user} di {group}!\n\n📌 Rules: Jangan spam, jangan toxic!",
    "goodbyeMsg": "👋 Sampai jumpa {user}!",
    "warnLimit": 3,
    "muteTime": 10,
    "locked": false,
    "slowmode": 0,
    "onlyAdmin": false,
    "captcha": false,
    "maxWarn": 3,
    "floodCount": 5,
    "floodTime": 10,
    "maxTextLength": 4000,
    "autoDeleteWarn": true,
    "autoKick": false
  },
  "antibot": {
    "antilink": true,
    "antispam": true,
    "antibot": true,
    "antisticker": false,
    "antigif": false,
    "antiforward": true,
    "antiarab": true,
    "antichinese": true,
    "antinsfw": false,
    "antivirtex": true,
    "antitagall": true,
    "antiflood": true,
    "antiphoto": false,
    "antivideo": false,
    "antiaudio": false,
    "antidoc": false,
    "antivoice": false,
    "antilocation": false,
    "anticontact": false,
    "antigame": false,
    "antipoll": false,
    "antidice": false,
    "antiinline": true,
    "antitoxic": false,
    "antilongtext": false,
    "antichannelpost": false,
    "welcome": true,
    "goodbye": true,
    "welcomeMsg": "👋 Selamat datang {user} di {group}!\n\n📌 Rules: Jangan spam, jangan toxic!",
    "goodbyeMsg": "👋 Sampai jumpa {user}!",
    "warnLimit": 3,
    "muteTime": 10,
    "locked": false,
    "slowmode": 0,
    "onlyAdmin": false,
    "captcha": false,
    "maxWarn": 3,
    "floodCount": 5,
    "floodTime": 10,
    "maxTextLength": 4000,
    "autoDeleteWarn": true,
    "autoKick": false
  },
  "antispam": {
    "antilink": false,
    "antispam": true,
    "antibot": false,
    "antisticker": false,
    "antigif": false,
    "antiforward": false,
    "antiarab": false,
    "antichinese": false,
    "antinsfw": false,
    "antivirtex": false,
    "antitagall": false,
    "antiflood": false,
    "antiphoto": false,
    "antivideo": false,
    "antiaudio": false,
    "antidoc": false,
    "antivoice": false,
    "antilocation": false,
    "anticontact": false,
    "antigame": false,
    "antipoll": false,
    "antidice": false,
    "antiinline": false,
    "antitoxic": false,
    "antilongtext": false,
    "antichannelpost": false,
    "welcome": true,
    "goodbye": true,
    "welcomeMsg": "👋 Selamat datang {user} di {group}!\n\n📌 Rules: Jangan spam, jangan toxic!",
    "goodbyeMsg": "👋 Sampai jumpa {user}!",
    "warnLimit": 3,
    "muteTime": 10,
    "locked": false,
    "slowmode": 0,
    "onlyAdmin": false,
    "captcha": false,
    "maxWarn": 3,
    "floodCount": 5,
    "floodTime": 10,
    "maxTextLength": 4000,
    "autoDeleteWarn": true,
    "autoKick": false
  },
  "antiforward": {
    "antilink": false,
    "antispam": false,
    "antibot": false,
    "antisticker": false,
    "antigif": false,
    "antiforward": true,
    "antiarab": false,
    "antichinese": false,
    "antinsfw": false,
    "antivirtex": false,
    "antitagall": false,
    "antiflood": false,
    "antiphoto": false,
    "antivideo": false,
    "antiaudio": false,
    "antidoc": false,
    "antivoice": false,
    "antilocation": false,
    "anticontact": false,
    "antigame": false,
    "antipoll": false,
    "antidice": false,
    "antiinline": false,
    "antitoxic": false,
    "antilongtext": false,
    "antichannelpost": false,
    "welcome": true,
    "goodbye": true,
    "welcomeMsg": "👋 Selamat datang {user} di {group}!\n\n📌 Rules: Jangan spam, jangan toxic!",
    "goodbyeMsg": "👋 Sampai jumpa {user}!",
    "warnLimit": 3,
    "muteTime": 10,
    "locked": false,
    "slowmode": 0,
    "onlyAdmin": false,
    "captcha": false,
    "maxWarn": 3,
    "floodCount": 5,
    "floodTime": 10,
    "maxTextLength": 4000,
    "autoDeleteWarn": true,
    "autoKick": false
  },
  "antiarab": {
    "antilink": false,
    "antispam": false,
    "antibot": false,
    "antisticker": false,
    "antigif": false,
    "antiforward": false,
    "antiarab": true,
    "antichinese": false,
    "antinsfw": false,
    "antivirtex": false,
    "antitagall": false,
    "antiflood": false,
    "antiphoto": false,
    "antivideo": false,
    "antiaudio": false,
    "antidoc": false,
    "antivoice": false,
    "antilocation": false,
    "anticontact": false,
    "antigame": false,
    "antipoll": false,
    "antidice": false,
    "antiinline": false,
    "antitoxic": false,
    "antilongtext": false,
    "antichannelpost": false,
    "welcome": true,
    "goodbye": true,
    "welcomeMsg": "👋 Selamat datang {user} di {group}!\n\n📌 Rules: Jangan spam, jangan toxic!",
    "goodbyeMsg": "👋 Sampai jumpa {user}!",
    "warnLimit": 3,
    "muteTime": 10,
    "locked": false,
    "slowmode": 0,
    "onlyAdmin": false,
    "captcha": false,
    "maxWarn": 3,
    "floodCount": 5,
    "floodTime": 10,
    "maxTextLength": 4000,
    "autoDeleteWarn": true,
    "autoKick": false
  },
  "antichinese": {
    "antilink": false,
    "antispam": false,
    "antibot": false,
    "antisticker": false,
    "antigif": false,
    "antiforward": false,
    "antiarab": false,
    "antichinese": true,
    "antinsfw": false,
    "antivirtex": false,
    "antitagall": false,
    "antiflood": false,
    "antiphoto": false,
    "antivideo": false,
    "antiaudio": false,
    "antidoc": false,
    "antivoice": false,
    "antilocation": false,
    "anticontact": false,
    "antigame": false,
    "antipoll": false,
    "antidice": false,
    "antiinline": false,
    "antitoxic": false,
    "antilongtext": false,
    "antichannelpost": false,
    "welcome": true,
    "goodbye": true,
    "welcomeMsg": "👋 Selamat datang {user} di {group}!\n\n📌 Rules: Jangan spam, jangan toxic!",
    "goodbyeMsg": "👋 Sampai jumpa {user}!",
    "warnLimit": 3,
    "muteTime": 10,
    "locked": false,
    "slowmode": 0,
    "onlyAdmin": false,
    "captcha": false,
    "maxWarn": 3,
    "floodCount": 5,
    "floodTime": 10,
    "maxTextLength": 4000,
    "autoDeleteWarn": true,
    "autoKick": false
  },
  "antivirtex": {
    "antilink": false,
    "antispam": false,
    "antibot": false,
    "antisticker": false,
    "antigif": false,
    "antiforward": false,
    "antiarab": false,
    "antichinese": false,
    "antinsfw": false,
    "antivirtex": true,
    "antitagall": false,
    "antiflood": false,
    "antiphoto": false,
    "antivideo": false,
    "antiaudio": false,
    "antidoc": false,
    "antivoice": false,
    "antilocation": false,
    "anticontact": false,
    "antigame": false,
    "antipoll": false,
    "antidice": false,
    "antiinline": false,
    "antitoxic": false,
    "antilongtext": false,
    "antichannelpost": false,
    "welcome": true,
    "goodbye": true,
    "welcomeMsg": "👋 Selamat datang {user} di {group}!\n\n📌 Rules: Jangan spam, jangan toxic!",
    "goodbyeMsg": "👋 Sampai jumpa {user}!",
    "warnLimit": 3,
    "muteTime": 10,
    "locked": false,
    "slowmode": 0,
    "onlyAdmin": false,
    "captcha": false,
    "maxWarn": 3,
    "floodCount": 5,
    "floodTime": 10,
    "maxTextLength": 4000,
    "autoDeleteWarn": true,
    "autoKick": false
  },
  "antiflood": {
    "antilink": false,
    "antispam": false,
    "antibot": false,
    "antisticker": false,
    "antigif": false,
    "antiforward": false,
    "antiarab": false,
    "antichinese": false,
    "antinsfw": false,
    "antivirtex": false,
    "antitagall": false,
    "antiflood": true,
    "antiphoto": false,
    "antivideo": false,
    "antiaudio": false,
    "antidoc": false,
    "antivoice": false,
    "antilocation": false,
    "anticontact": false,
    "antigame": false,
    "antipoll": false,
    "antidice": false,
    "antiinline": false,
    "antitoxic": false,
    "antilongtext": false,
    "antichannelpost": false,
    "welcome": true,
    "goodbye": true,
    "welcomeMsg": "👋 Selamat datang {user} di {group}!\n\n📌 Rules: Jangan spam, jangan toxic!",
    "goodbyeMsg": "👋 Sampai jumpa {user}!",
    "warnLimit": 3,
    "muteTime": 10,
    "locked": false,
    "slowmode": 0,
    "onlyAdmin": false,
    "captcha": false,
    "maxWarn": 3,
    "floodCount": 5,
    "floodTime": 10,
    "maxTextLength": 4000,
    "autoDeleteWarn": true,
    "autoKick": false
  },
  "antiinline": {
    "antilink": false,
    "antispam": false,
    "antibot": false,
    "antisticker": false,
    "antigif": false,
    "antiforward": false,
    "antiarab": false,
    "antichinese": false,
    "antinsfw": false,
    "antivirtex": false,
    "antitagall": false,
    "antiflood": false,
    "antiphoto": false,
    "antivideo": false,
    "antiaudio": false,
    "antidoc": false,
    "antivoice": false,
    "antilocation": false,
    "anticontact": false,
    "antigame": false,
    "antipoll": false,
    "antidice": false,
    "antiinline": true,
    "antitoxic": false,
    "antilongtext": false,
    "antichannelpost": false,
    "welcome": true,
    "goodbye": true,
    "welcomeMsg": "👋 Selamat datang {user} di {group}!\n\n📌 Rules: Jangan spam, jangan toxic!",
    "goodbyeMsg": "👋 Sampai jumpa {user}!",
    "warnLimit": 3,
    "muteTime": 10,
    "locked": false,
    "slowmode": 0,
    "onlyAdmin": false,
    "captcha": false,
    "maxWarn": 3,
    "floodCount": 5,
    "floodTime": 10,
    "maxTextLength": 4000,
    "autoDeleteWarn": true,
    "autoKick": false
  },
  "goodbye": {
    "antilink": false,
    "antispam": false,
    "antibot": false,
    "antisticker": false,
    "antigif": false,
    "antiforward": false,
    "antiarab": false,
    "antichinese": false,
    "antinsfw": false,
    "antivirtex": false,
    "antitagall": false,
    "antiflood": false,
    "antiphoto": false,
    "antivideo": false,
    "antiaudio": false,
    "antidoc": false,
    "antivoice": false,
    "antilocation": false,
    "anticontact": false,
    "antigame": false,
    "antipoll": false,
    "antidice": false,
    "antiinline": false,
    "antitoxic": false,
    "antilongtext": false,
    "antichannelpost": false,
    "welcome": true,
    "goodbye": true,
    "welcomeMsg": "👋 Selamat datang {user} di {group}!\n\n📌 Rules: Jangan spam, jangan toxic!",
    "goodbyeMsg": "👋 Sampai jumpa {user}!",
    "warnLimit": 3,
    "muteTime": 10,
    "locked": false,
    "slowmode": 0,
    "onlyAdmin": false,
    "captcha": false,
    "maxWarn": 3,
    "floodCount": 5,
    "floodTime": 10,
    "maxTextLength": 4000,
    "autoDeleteWarn": true,
    "autoKick": false
  },
  "-5084965435": {
    "antilink": false,
    "antispam": false,
    "antibot": false,
    "antisticker": false,
    "antigif": false,
    "antiforward": false,
    "antiarab": false,
    "antichinese": false,
    "antinsfw": false,
    "antivirtex": false,
    "antitagall": false,
    "antiflood": false,
    "antiphoto": false,
    "antivideo": false,
    "antiaudio": false,
    "antidoc": false,
    "antivoice": false,
    "antilocation": false,
    "anticontact": false,
    "antigame": false,
    "antipoll": false,
    "antidice": false,
    "antiinline": false,
    "antitoxic": false,
    "antilongtext": false,
    "antichannelpost": false,
    "welcome": true,
    "goodbye": true,
    "welcomeMsg": "👋 Selamat datang {user} di {group}!\n\n📌 Rules: Jangan spam, jangan toxic!",
    "goodbyeMsg": "👋 Sampai jumpa {user}!",
    "warnLimit": 3,
    "muteTime": 10,
    "locked": false,
    "slowmode": 0,
    "onlyAdmin": false,
    "captcha": false,
    "maxWarn": 3,
    "floodCount": 5,
    "floodTime": 10,
    "maxTextLength": 4000,
    "autoDeleteWarn": true,
    "autoKick": false
  },
  "-1003142316582": {
    "antilink": false,
    "antispam": false,
    "antibot": false,
    "antisticker": false,
    "antigif": false,
    "antiforward": false,
    "antiarab": false,
    "antichinese": false,
    "antinsfw": false,
    "antivirtex": false,
    "antitagall": false,
    "antiflood": false,
    "antiphoto": false,
    "antivideo": false,
    "antiaudio": false,
    "antidoc": false,
    "antivoice": false,
    "antilocation": false,
    "anticontact": false,
    "antigame": false,
    "antipoll": false,
    "antidice": false,
    "antiinline": false,
    "antitoxic": false,
    "antilongtext": false,
    "antichannelpost": false,
    "welcome": true,
    "goodbye": true,
    "welcomeMsg": "👋 Selamat datang {user} di {group}!\n\n📌 Rules: Jangan spam, jangan toxic!",
    "goodbyeMsg": "👋 Sampai jumpa {user}!",
    "warnLimit": 3,
    "muteTime": 10,
    "locked": false,
    "slowmode": 0,
    "onlyAdmin": false,
    "captcha": false,
    "maxWarn": 3,
    "floodCount": 5,
    "floodTime": 10,
    "maxTextLength": 4000,
    "autoDeleteWarn": true,
    "autoKick": false
  },
  "antitoxic": {
    "antilink": false,
    "antispam": false,
    "antibot": false,
    "antisticker": false,
    "antigif": false,
    "antiforward": false,
    "antiarab": false,
    "antichinese": false,
    "antinsfw": false,
    "antivirtex": false,
    "antitagall": false,
    "antiflood": false,
    "antiphoto": false,
    "antivideo": false,
    "antiaudio": false,
    "antidoc": false,
    "antivoice": false,
    "antilocation": false,
    "anticontact": false,
    "antigame": false,
    "antipoll": false,
    "antidice": false,
    "antiinline": false,
    "antitoxic": true,
    "antilongtext": false,
    "antichannelpost": false,
    "welcome": true,
    "goodbye": true,
    "welcomeMsg": "👋 Selamat datang {user} di {group}!\n\n📌 Rules: Jangan spam, jangan toxic!",
    "goodbyeMsg": "👋 Sampai jumpa {user}!",
    "warnLimit": 3,
    "muteTime": 10,
    "locked": false,
    "slowmode": 0,
    "onlyAdmin": false,
    "captcha": false,
    "maxWarn": 3,
    "floodCount": 5,
    "floodTime": 10,
    "maxTextLength": 4000,
    "autoDeleteWarn": true,
    "autoKick": false
  },
  "antisticker": {
    "antilink": false,
    "antispam": false,
    "antibot": false,
    "antisticker": false,
    "antigif": false,
    "antiforward": false,
    "antiarab": false,
    "antichinese": false,
    "antinsfw": false,
    "antivirtex": false,
    "antitagall": false,
    "antiflood": false,
    "antiphoto": false,
    "antivideo": false,
    "antiaudio": false,
    "antidoc": false,
    "antivoice": false,
    "antilocation": false,
    "anticontact": false,
    "antigame": false,
    "antipoll": false,
    "antidice": false,
    "antiinline": false,
    "antitoxic": false,
    "antilongtext": false,
    "antichannelpost": false,
    "welcome": true,
    "goodbye": true,
    "welcomeMsg": "👋 Selamat datang {user} di {group}!\n\n📌 Rules: Jangan spam, jangan toxic!",
    "goodbyeMsg": "👋 Sampai jumpa {user}!",
    "warnLimit": 3,
    "muteTime": 10,
    "locked": false,
    "slowmode": 0,
    "onlyAdmin": false,
    "captcha": false,
    "maxWarn": 3,
    "floodCount": 5,
    "floodTime": 10,
    "maxTextLength": 4000,
    "autoDeleteWarn": true,
    "autoKick": false
  }
}