{
    "version": "7.2",
    "build": "2024122704",
    "releaseDate": "2025-12-27",
    "changelog": [
        "🎉 Version 7.2 - Auto-Update Fix + MEGA RPG!",
        "🔧 FIXED: Auto-update now correctly extracts files",
        "🎣 Fishing System with 100+ fish types (Common to Divine)",
        "🦌 Hunting System with 50+ animals and legendary creatures",
        "⏰ Time Travel to different eras (Prehistoric - Space Age)",
        "🌴 Relaxing Activities (ngopi, nongkrong, camping, surfing)",
        "💼 Jobs and Careers System with 50+ jobs",
        "💤 AFK System with custom reasons",
        "🔧 Improved stability and performance"
    ],
    "downloadUrl": "https://raw.githubusercontent.com/NinoNeoxus/schnuffelll-bot/main/latest.zip",
    "minVersion": "7.0"
}