{
    "version": "7.4",
    "build": "2024122706",
    "releaseDate": "2025-12-27",
    "changelog": [
        "🎉 Version 7.4 - Stability Update!",
        "🔧 FIXED: Nuclear Update extraction system",
        "🔧 FIXED: License validation improvements",
        "🎣 Fishing System with 100+ fish types",
        "🦌 Hunting System with 50+ animals",
        "⏰ Time Travel to different eras",
        "🌴 Relaxing Activities",
        "💼 Jobs and Careers System"
    ],
    "downloadUrl": "https://raw.githubusercontent.com/NinoNeoxus/schnuffelll-bot/main/latest.zip",
    "minVersion": "7.0"
}