{
    "version": "7.1",
    "build": "2024122703",
    "releaseDate": "2025-12-27",
    "changelog": [
        "🎉 Version 7.1 - MEGA RPG Expansion!",
        "🎣 NEW: Complete Fishing System with 100+ fish types",
        "🦌 NEW: Hunting System with 50+ animals",
        "⏰ NEW: Time Travel to different eras (Prehistoric to Space Age)",
        "🌴 NEW: Relaxing Activities (ngopi, nongkrong, camping, surfing)",
        "✨ NEW: Legendary, Mythical, and Divine rarity catches",
        "🎮 NEW: Side Hustles and Minigames",
        "💼 NEW: Jobs and Careers System (50+ jobs)",
        "💤 NEW: AFK System with custom reasons",
        "🔧 Improved: Stability and performance fixes"
    ],
    "downloadUrl": "https://raw.githubusercontent.com/NinoNeoxus/schnuffelll-bot/main/latest.zip",
    "minVersion": "7.0"
}