{
    "version": "7.3",
    "build": "2024122705",
    "releaseDate": "2025-12-27",
    "changelog": [
        "🎉 Version 7.3 - Nuclear Update System!",
        "🔧 FIXED: Complete rewrite of auto-update system",
        "🧹 NEW: Clean install mode (delete old → install fresh)",
        "🎣 Fishing System with 100+ fish types (Common to Divine)",
        "🦌 Hunting System with 50+ animals and legendary creatures",
        "⏰ Time Travel to different eras (Prehistoric - Space Age)",
        "🌴 Relaxing Activities (ngopi, nongkrong, camping)",
        "💼 Jobs and Careers System with 50+ jobs"
    ],
    "downloadUrl": "https://raw.githubusercontent.com/NinoNeoxus/schnuffelll-bot/main/latest.zip",
    "minVersion": "7.0"
}