{
    "version": "7.6",
    "build": "2024122709",
    "releaseDate": "2025-12-27",
    "changelog": [
        "🎉 Version 7.6 - Multi-Fix Update!",
        "🔧 FIXED: Rebuild VPS password 2x prompt",
        "🔧 FIXED: Menu combo 2 step (audio→media)",
        "🔧 FIXED: Linux extraction dengan unzip/tar",
        "🔧 FIXED: Token license baru",
        "🎣 Fishing System 100+ fish",
        "🦌 Hunting System 50+ animals"
    ],
    "downloadUrl": "https://raw.githubusercontent.com/NinoNeoxus/schnuffelll-bot/main/latest.zip",
    "minVersion": "7.0"
}